fiidex,fi_cycle,fi_bit,opcode,error_type
3058,1468572451,13,load,benign
841,848481599,123,fmul,SDC
3074,818315307,51,fsub,benign
636,1818581294,61,fmul,SDC
3741,261389351,25,fadd,benign
2156,2012777472,85,insertelement,benign
2150,479315678,17,insertelement,benign
1113,785735539,48,fadd,benign
676,1212935452,41,load,benign
2289,1991776558,29,fmul,benign
621,1618682970,13,fadd,benign
2917,719525304,11,add,SDC
1278,1366968829,40,load,benign
948,365160140,21,load,benign
3788,787561533,35,fmul,benign
1296,284164628,36,load,benign
3307,1940827656,1,load,benign
4271,692612774,46,load,SDC
1125,1024875476,27,fadd,benign
985,67671796,13,fadd,benign
1261,641197557,26,load,benign
4025,685419062,9,load,SDC
509,1848406731,22,insertelement,benign
2116,1003940668,81,insertelement,benign
616,859076788,52,fmul,benign
2906,239151501,19,load,benign
635,1104900370,61,fsub,SDC
1851,1544311390,36,load,benign
3771,1431211126,53,fadd,benign
1689,1161972135,27,load,benign
3289,748214059,45,load,benign
1122,1446423321,29,fneg,benign
3510,309860844,47,load,benign
1673,1657815739,12,load,benign
1844,1081630041,53,load,benign
520,1772254366,38,fsub,benign
3093,1675864502,39,fmul,benign
2553,1699125748,38,fadd,SDC
3092,373922872,7,fneg,benign
1140,1519584568,28,fadd,benign
1137,425566773,9,fadd,benign
661,411059149,63,load,benign
3478,878239461,44,sext,SDC
2621,1220806456,24,load,benign
3776,1438212857,34,fadd,benign
469,1941079617,127,fsub,benign
3795,734528921,27,fneg,benign
1302,760768187,4,load,benign
3456,1813597471,41,phi,SDC
1142,1157902090,35,fadd,benign
2518,1217370755,27,fadd,benign
3571,1064981269,0,fcmp,SDC
1112,1691772237,50,fadd,SDC
3086,1620541579,20,fmul,benign
452,684512966,113,fadd,benign
1558,1443485561,40,load,SDC
458,1353923811,54,insertelement,benign
1518,1878646465,38,fmul,benign
1121,1318017259,45,fadd,SDC
3484,1190444113,29,load,benign
3312,1127884826,68,insertelement,benign
4088,770050311,48,fmul,SDC
960,265508540,0,icmp,benign
3458,684365955,23,load,SDC
3779,448669820,58,fadd,benign
1117,1757504579,12,fadd,benign
2948,1145111625,19,insertelement,benign
3685,1215558209,51,load,benign
2215,398155785,6,phi,SDC
3199,769010046,21,load,benign
2862,334580112,0,fcmp,benign
2373,319872031,5,sext,benign
1149,89719653,56,fmul,benign
3504,1082306209,94,load,benign
3083,822170195,10,fmul,benign
3291,1047196251,97,insertelement,benign
1126,132314729,24,fneg,benign
3150,744818415,43,call,benign
3714,709821143,20,load,SDC
569,660168712,24,extractelement,benign
3243,66247056,50,fmul,benign
1151,1335542784,33,fneg,SDC
3625,300151628,16,load,benign
3762,1838423588,27,fadd,benign
2206,86615203,124,insertelement,benign
1155,1415303741,32,fneg,benign
2960,483102028,50,fsub,SDC
3199,1451235989,60,load,SDC
865,781088676,68,insertelement,benign
1120,1178725424,57,fadd,SDC
1159,813616106,52,fmul,benign
1195,337173146,59,load,benign
458,1634886485,37,insertelement,benign
2859,437060225,35,load,benign
3852,776915462,15,fadd,benign
1309,1059858772,54,load,SDC
2912,790006572,13,load,benign
4607,1107568858,0,fcmp,SDC
2047,1154750810,27,or,SDC
1343,1691981462,23,load,benign
601,28646529,77,fneg,benign
3728,529983451,49,fadd,benign
670,1684592724,19,load,benign
3771,430957613,40,fadd,benign
1149,1619334022,0,fmul,benign
433,288810351,28,load,benign
3036,1011790484,26,load,benign
765,711136204,9,load,benign
3716,491126322,37,load,benign
483,1834546657,15,extractelement,benign
1798,1346825634,17,fmul,benign
4689,731543204,21,add,SDC
3072,154655696,58,fsub,benign
1667,1974754446,1,load,benign
1122,1488287957,59,fneg,SDC
3793,801421109,11,fmul,benign
630,1622130869,2,fsub,benign
3761,1229459403,12,fadd,benign
503,1958081127,86,insertelement,benign
965,1477379569,13,phi,SDC
2270,1315095082,39,insertelement,SDC
1132,1206626853,29,fadd,benign
1509,1084570717,12,load,benign
1138,975607641,13,fneg,benign
967,890488274,3,load,benign
2452,1750836762,37,load,SDC
3458,1978713431,7,load,SDC
956,1237025899,61,load,benign
3492,1776317187,0,icmp,benign
1231,503180317,53,load,benign
862,407380960,6,fmul,benign
3874,1368706310,27,fadd,benign
3092,1134726041,45,fneg,benign
486,1584265544,58,extractelement,benign
632,908148720,21,fmul,benign
662,1272363651,22,fadd,benign
3787,639367474,63,fsub,benign
625,548264908,4,fadd,benign
1392,1284159758,52,load,benign
2859,1754856444,2,load,benign
1164,1857295803,13,load,benign
3334,508347971,14,fmul,benign
4635,840703394,41,fmul,benign
948,1463422592,37,load,benign
948,1072891943,15,load,benign
3523,349450849,40,load,benign
483,1409734634,33,extractelement,benign
2939,972949967,27,shufflevector,benign
627,1341899756,6,fsub,benign
1517,1074544206,19,load,benign
1374,880923716,17,load,benign
2961,923964999,26,fsub,benign
3803,1976047739,59,fdiv,benign
973,964121623,2,fadd,benign
4301,1107503099,48,add,SDC
2211,1391647031,38,shufflevector,benign
945,332835454,10,load,SDC
5167,678688668,51,phi,SDC
653,2048923685,27,fadd,benign
5113,2052278219,57,phi,SDC
4724,872220962,13,phi,SDC
1066,1432997937,12,load,benign
3072,1589788393,37,fsub,benign
456,1411159833,66,insertelement,benign
4792,1047900799,10,load,benign
948,1199366288,38,load,benign
590,209323563,107,shufflevector,benign
3477,1903196476,4,load,benign
4753,169714773,8,sext,benign
2958,1246167935,54,insertelement,SDC
607,378821602,7,fmul,benign
3590,1600683047,7,load,SDC
3071,1561953229,54,fsub,benign
2360,831875900,19,load,SDC
2957,1284332385,105,shufflevector,SDC
449,1525173011,48,insertelement,benign
1775,697758592,62,load,SDC
712,481463894,58,load,benign
652,2011469564,43,load,SDC
948,661213908,51,load,benign
4004,1459090840,6,fmul,benign
636,559256957,17,fmul,benign
2518,348215166,28,fadd,benign
2507,1415782820,42,load,SDC
1138,570230795,58,fneg,benign
444,1949325212,59,fsub,benign
1304,2066993922,13,load,benign
509,497483364,65,insertelement,benign
863,399730330,117,load,benign
574,1751675129,2,fneg,benign
3473,1229058440,0,icmp,SDC
1324,1957233710,55,load,SDC
1276,556484999,23,load,benign
2980,228766774,112,insertelement,benign
3022,1343829940,2,fmul,benign
665,265468458,10,fadd,benign
604,247947750,26,fneg,benign
948,943558234,19,load,benign
1148,485842068,10,fneg,benign
614,2045521111,3,fsub,benign
2394,482673581,7,load,benign
3514,737288291,0,icmp,benign
1822,1336363854,9,load,benign
3344,543072585,103,insertelement,benign
1395,1374368010,50,load,SDC
4846,1292497264,0,icmp,benign
2165,803535008,99,shufflevector,benign
521,2009992584,77,fadd,benign
629,1324671078,25,fadd,benign
1045,514055342,32,load,SDC
658,495301216,58,load,benign
2085,1782328626,39,load,benign
1133,132018247,54,fneg,benign
1165,655071982,33,fmul,benign
1306,1133331263,44,load,benign
3815,893075433,37,fadd,SDC
3582,1652472242,11,phi,SDC
2779,454704746,23,load,benign
2198,1519886075,120,insertelement,benign
3461,649071029,1,load,benign
3588,1406940472,21,load,SDC
1149,1300608530,52,fmul,SDC
625,297832797,53,fadd,benign
3299,747820069,60,insertelement,benign
1144,1688484551,60,fadd,SDC
2073,1606320360,52,load,SDC
3208,1277977580,40,load,benign
3181,1652165920,58,load,benign
4046,311051049,2,fmul,benign
987,505821772,48,add,SDC
1113,1370125868,18,fadd,benign
4559,988360960,52,fmul,SDC
2415,1664951601,37,load,SDC
3607,1890131535,51,load,benign
586,1428744618,0,shufflevector,benign
1158,1052976200,6,load,benign
2056,979919025,58,load,benign
3086,1451777820,42,fmul,benign
652,103576094,50,load,benign
565,299963252,6,fadd,benign
630,1983930341,38,fsub,SDC
4689,1532018975,5,add,SDC
2798,1937288670,0,icmp,SDC
1572,761397175,26,load,benign
2203,397972259,4,shufflevector,benign
3504,959211195,47,load,benign
3743,1201539580,14,fmul,benign
5038,547832509,0,select,benign
4520,92027414,3,fadd,benign
407,1066478929,59,fsub,benign
960,1125271575,0,icmp,SDC
425,246728398,9,load,benign
537,1517189056,29,extractelement,benign
4063,201364259,12,and,benign
665,1932033637,10,fadd,benign
840,806358683,4,fneg,benign
3818,1907391628,12,fadd,benign
3494,561336820,34,phi,SDC
637,1397817293,62,fneg,SDC
593,1184681447,81,shufflevector,benign
671,276532585,58,fadd,benign
1743,863777795,16,load,benign
967,724625577,10,load,SDC
3926,1797136461,27,fadd,benign
1135,2070856306,48,fmul,benign
3510,1395827683,97,load,benign
3338,1371818097,35,extractelement,benign
3350,744831485,46,insertelement,benign
662,1636020587,19,fadd,benign
5038,1201810327,0,select,benign
2319,299036957,60,fmul,benign
539,1858323354,6,insertelement,benign
3477,1172801213,1,load,benign
641,1773730782,38,fneg,SDC
1144,1133119883,39,fadd,SDC
3491,1520437159,0,add,benign
473,1580631080,27,fmul,benign
3288,1865289927,31,load,benign
1164,591755859,40,load,benign
1124,319390870,9,fadd,benign
462,305117537,14,shufflevector,benign
848,248422530,122,insertelement,benign
1407,213969744,12,load,benign
3865,459135004,13,fadd,benign
3461,1796560214,56,load,SDC
1365,1498932490,34,load,SDC
5138,1417770600,32,call,benign
1691,937497486,7,fmul,benign
1520,997464262,18,load,benign
3756,586413322,24,fadd,benign
646,512866961,15,fmul,benign
2482,1696195553,1,load,benign
3345,1499825795,17,insertelement,benign
367,1677052766,25,add,SDC
3079,1011916697,7,fsub,benign
3078,1089182650,39,fsub,benign
1221,425522829,39,load,SDC
3092,409189397,21,fneg,benign
464,1551570301,13,fsub,benign
1691,909570516,35,fmul,benign
671,999340361,5,fadd,benign
645,1542737814,18,fneg,benign
2087,1730173945,35,load,SDC
1837,1764873508,60,fmul,SDC
3139,130010646,47,load,benign
683,286754677,13,fadd,benign
446,2033979304,60,shufflevector,benign
1774,1926604326,37,load,SDC
403,1334542902,19,fsub,benign
1853,839242482,0,fmul,benign
3773,229581580,20,fsub,benign
726,1532825406,27,load,SDC
490,980694639,23,extractelement,benign
676,869050596,48,load,SDC
1401,1412544615,50,load,SDC
670,964343962,17,load,benign
623,767081525,30,fsub,benign
636,1023768154,51,fmul,SDC
3865,1790346005,46,fadd,benign
3041,1700485580,18,load,benign
2547,1971369069,62,load,benign
3071,1620692146,53,fsub,benign
3461,955943582,62,load,SDC
4281,318314347,53,select,benign
1118,1259088544,19,fadd,benign
3150,1426949228,55,call,benign
582,1511586051,22,insertelement,benign
1340,1387847134,26,load,benign
1857,620113485,56,load,benign
1118,185355064,10,fadd,benign
1140,96672097,23,fadd,benign
1125,1017870614,62,fadd,SDC
1110,1073615588,63,fadd,SDC
2358,1137609281,12,load,SDC
3459,906751710,47,sext,SDC
4672,2038479469,37,load,benign
1255,1726633678,38,load,SDC
2565,853066427,17,add,SDC
1750,800510949,51,load,benign
2273,1519632173,125,fmul,SDC
987,1016825854,12,add,SDC
4742,116684456,42,load,SDC
3504,1134605679,19,load,benign
613,1390370169,37,fadd,SDC
3080,670727124,5,fadd,benign
1054,125276006,12,load,benign
2928,1169737601,58,fsub,SDC
3109,1561903468,34,load,benign
2116,161080783,114,insertelement,benign
816,1404693822,0,icmp,SDC
662,643759902,13,fadd,benign
963,1584326367,0,icmp,SDC
1159,1398076384,0,fmul,benign
1125,591750957,54,fadd,benign
679,1013568290,9,load,benign
1124,781822728,63,fadd,benign
866,985514154,59,shufflevector,SDC
1511,429511007,20,load,benign
613,1708618960,16,fadd,benign
3069,1607032184,44,call,SDC
1511,1130447930,51,load,benign
3765,505120202,15,fadd,benign
555,1832357433,6,fmul,benign
636,1626153326,44,fmul,SDC
642,364533861,28,fmul,benign
946,1101280416,51,sext,SDC
3903,1330349649,0,fadd,benign
970,1670514376,24,sext,SDC
1494,567195016,11,load,benign
1077,482296499,24,load,SDC
4966,646878173,60,add,SDC
2792,747691412,8,load,benign
488,1066257091,41,fmul,benign
2181,1805956921,71,shufflevector,benign
3952,233155574,56,load,SDC
956,1209527432,43,load,SDC
5186,816148646,37,add,SDC
2452,1252392778,51,load,SDC
618,269383399,17,fsub,benign
922,1629034908,33,shl,SDC
1546,726374316,17,fmul,benign
594,94383462,87,fsub,benign
4527,3656143,0,icmp,benign
1145,626661126,58,fneg,SDC
3295,808284178,48,extractelement,benign
2101,1937041189,23,load,benign
3079,635574318,19,fsub,benign
2140,1471548505,67,insertelement,benign
3092,709359409,6,fneg,benign
646,400542201,44,fmul,benign
439,1862107904,31,insertelement,benign
462,120877967,67,shufflevector,benign
2421,26644513,0,load,benign
676,1629534331,51,load,SDC
2932,976668570,99,insertelement,SDC
2555,493201671,29,load,benign
1790,412071585,33,fmul,benign
2176,1374463700,61,insertelement,SDC
816,1887498982,0,icmp,SDC
438,1528774210,6,fsub,benign
1137,859424170,15,fadd,benign
441,488872178,77,insertelement,benign
3472,910310097,6,add,SDC
2134,990137092,84,insertelement,benign
429,2027135039,62,load,benign
3473,705635202,0,icmp,SDC
3918,2017331864,16,fmul,benign
2179,528412440,106,shufflevector,benign
1245,1708961990,10,load,benign
815,1622030547,41,add,SDC
667,213162983,7,load,benign
3748,501702749,50,fadd,benign
3472,713037319,35,add,SDC
1230,778407975,55,load,SDC
757,537813103,63,load,SDC
2547,1581885386,22,load,benign
2883,1102691279,63,add,SDC
1115,1377286514,33,fmul,SDC
1742,1035791210,63,load,SDC
5141,956817415,34,load,benign
3478,1683062002,2,sext,SDC
3077,468912178,61,fsub,benign
3742,586317364,7,fsub,benign
3721,547602354,12,fadd,benign
664,120653908,46,load,benign
665,1083367864,8,fadd,benign
674,1953013402,5,fadd,benign
2866,281541065,13,load,benign
527,1669186027,30,extractelement,benign
3666,1797109185,48,load,benign
1732,1186321438,39,load,SDC
788,159389239,63,load,benign
816,1977205748,0,icmp,benign
3069,101437836,46,call,benign
625,14646966,16,fadd,benign
3863,618125799,39,fadd,benign
3931,165747600,43,fsub,benign
2204,712176991,100,insertelement,benign
839,811963,29,load,benign
4485,198060690,53,load,benign
1802,419193864,61,load,benign
4607,1037487063,0,fcmp,SDC
3223,994142434,7,load,benign
1378,1582356875,1,load,benign
808,1324556414,46,phi,SDC
2967,402283715,68,insertelement,benign
3081,1679850064,34,fadd,benign
3301,1665833372,82,insertelement,benign
2208,1685394073,40,insertelement,SDC
3069,2048048093,40,call,benign
591,1566796381,57,fsub,benign
1252,2029152710,1,load,benign
370,679043326,21,load,benign
422,473110268,33,load,benign
736,1487935623,17,load,benign
4085,554819870,58,fmul,benign
3623,395524827,48,sext,SDC
1164,1311324976,55,load,SDC
772,1467174244,0,load,benign
3553,133906309,0,fadd,benign
4990,1611266935,41,load,SDC
965,579947980,60,phi,SDC
2222,1429922086,26,insertelement,benign
1113,1255546504,60,fadd,SDC
843,1344945188,78,load,benign
552,1169371663,39,extractelement,benign
2046,631065279,42,load,benign
680,943202036,16,fadd,benign
656,1227164564,23,fadd,benign
484,532892871,0,extractelement,benign
1197,1788262015,22,load,benign
3882,208381148,31,fadd,benign
429,1679725824,15,load,benign
1407,1789126036,38,load,benign
2510,1426326401,57,load,SDC
1335,598621286,30,load,benign
3750,1309723989,57,fsub,SDC
2289,1964620399,122,fmul,benign
4846,1396779973,0,icmp,benign
979,1006045417,19,fadd,benign
645,1880281925,7,fneg,benign
505,946741893,28,shufflevector,benign
3077,2065402631,50,fsub,benign
4595,1146054211,50,fmul,benign
538,1193934290,27,insertelement,benign
1594,164620437,63,load,benign
683,1100700634,3,fadd,benign
4165,183684297,6,extractelement,benign
2555,1919925418,4,load,benign
3053,1796995226,9,load,benign
1137,107396003,39,fadd,benign
3779,1358378354,7,fadd,benign
1111,718367284,4,fadd,benign
4301,1993714608,42,add,SDC
1077,1843360674,60,load,SDC
702,1870369665,5,load,benign
4522,1369049519,29,fmul,benign
620,1722125933,12,fmul,benign
1145,1255700138,59,fneg,SDC
3074,2016942164,8,fsub,benign
2625,2063915723,38,load,benign
5033,38918958,49,load,benign
472,1896082658,121,fsub,benign
1132,975522560,38,fadd,benign
354,1759744425,19,phi,SDC
1706,1467816294,12,load,benign
2250,475462111,55,insertelement,SDC
751,1663985132,9,load,benign
621,1206098290,40,fadd,SDC
2871,203778662,0,fcmp,benign
1277,1352753436,43,load,SDC
1140,1216892921,15,fadd,benign
4020,1295811142,26,fadd,benign
1564,1967716591,7,load,benign
3458,24055215,18,load,SDC
3649,275368807,8,load,benign
2042,1457351787,54,load,SDC
3308,1329892605,11,load,benign
619,152731366,1,fsub,benign
4836,1997065184,0,fcmp,SDC
2113,1405789108,11,load,benign
3022,479868542,16,fmul,benign
4673,413787448,23,fmul,benign
1556,972816965,16,load,benign
5077,1969670540,0,icmp,SDC
374,1508296126,41,load,benign
630,1619264228,47,fsub,SDC
444,490786385,96,fsub,benign
736,297845209,21,load,benign
2058,905941076,10,load,benign
3492,966063556,0,icmp,benign
1142,213437205,11,fadd,benign
1140,1098303834,29,fadd,benign
613,650721728,13,fadd,benign
658,583910993,9,load,benign
2281,245691298,43,fmul,SDC
583,492043434,100,insertelement,benign
2682,269794412,0,icmp,benign
5021,650214575,0,icmp,benign
4168,1576714005,0,icmp,SDC
584,1698466098,113,fsub,benign
581,1025615283,18,extractelement,benign
1037,1231241803,51,load,SDC
3112,1050857280,15,load,benign
1148,683203208,63,fneg,SDC
664,332585398,46,load,benign
3475,97957826,9,phi,SDC
3459,2006441128,19,sext,SDC
1640,1692659780,24,load,benign
1110,1014361716,27,fadd,benign
861,679293835,76,fneg,benign
3072,596107314,18,fsub,benign
972,99982561,13,load,benign
945,1822268321,10,load,SDC
1313,234760303,43,load,benign
3919,282396543,27,fadd,benign
3911,300169799,30,fmul,benign
607,725001072,14,fmul,benign
1159,86307278,9,fmul,benign
988,18334973,0,icmp,benign
506,895811839,91,fmul,benign
946,1529432264,13,sext,SDC
1113,679726819,47,fadd,SDC
3478,320933658,33,sext,SDC
3278,119376204,9,load,benign
967,524018283,2,load,benign
1645,574302448,39,load,SDC
3374,1302160877,127,shufflevector,benign
3215,218253403,34,load,benign
3286,1479356039,45,load,benign
3651,293118794,5,load,benign
652,1108310863,26,load,benign
2256,1706460713,72,insertelement,benign
1208,29791945,21,load,benign
794,347234745,3,load,benign
4554,463195787,54,load,benign
1349,262934168,35,load,benign
3632,137687596,21,load,benign
3354,1941066461,51,insertelement,benign
1378,832180110,7,load,benign
1114,263014105,17,fneg,benign
2331,376471290,121,fmul,SDC
621,1646702610,32,fadd,benign
2681,1230830914,9,add,benign
4276,844167434,29,select,benign
1679,1060311409,38,load,benign
3681,903590497,40,load,benign
2083,1909308171,54,load,SDC
4009,1075776288,8,fmul,benign
3827,1676457352,42,fadd,benign
782,975150952,58,load,SDC
3807,1229482490,20,fmul,benign
3548,459092023,63,phi,SDC
3917,1958982717,14,fsub,benign
3636,1159608845,33,load,benign
2051,2070869598,44,load,SDC
1312,827656598,25,load,benign
1135,2015770213,38,fmul,benign
5149,109827887,0,select,benign
1120,1953653762,39,fadd,benign
2124,1133687669,112,insertelement,benign
3668,1766236566,57,load,benign
724,1275707433,35,load,SDC
409,2042575827,11,fsub,benign
3096,76613245,36,load,benign
3927,1955361737,24,fadd,benign
478,1348843659,101,fneg,benign
1120,1692114167,47,fadd,SDC
2021,280901337,11,load,benign
623,1753668575,59,fsub,SDC
2381,1657882868,48,sext,SDC
2249,1315440510,10,insertelement,benign
4681,477394875,53,fdiv,benign
5131,403215763,24,load,benign
3465,1634532203,55,load,SDC
655,1016800851,48,load,benign
661,644173168,57,load,benign
1145,2005410033,60,fneg,benign
3194,860723566,40,fsub,benign
1353,1276329905,1,load,benign
461,702555507,76,fmul,benign
2063,76277979,7,load,benign
3923,1893643792,26,fadd,benign
628,127919761,39,fmul,benign
588,1792795717,58,extractelement,benign
2073,422477752,25,load,benign
1128,531502682,28,fadd,benign
1135,810332312,22,fmul,benign
653,4320596,22,fadd,benign
447,242763788,43,insertelement,benign
624,156392215,36,fmul,benign
808,1365870119,30,phi,SDC
2545,281492500,42,load,benign
1112,1087705196,0,fadd,benign
1594,224605120,4,load,benign
2198,584804976,33,insertelement,benign
3250,635559772,44,load,benign
1124,1339161948,63,fadd,SDC
757,1247690728,43,load,SDC
360,159357803,15,fsub,benign
1298,1553866556,38,load,SDC
1628,1953938839,2,fmul,benign
1711,1730694439,43,load,SDC
581,1480471257,47,extractelement,benign
736,396794574,4,load,benign
2073,44485537,13,load,benign
2033,588800814,40,or,SDC
581,2061736221,32,extractelement,benign
2159,648337945,17,shufflevector,benign
984,226592167,33,load,benign
1222,824504192,4,load,benign
3728,776798238,37,fadd,SDC
4758,152038589,40,add,SDC
1505,1467699979,55,load,SDC
4678,39134972,52,load,benign
507,472602873,30,extractelement,benign
3141,1413394578,46,load,benign
625,1891001531,48,fadd,SDC
3291,1586027384,75,insertelement,benign
1201,584666429,12,load,benign
4668,1928365340,44,load,benign
2028,1028582656,59,load,SDC
2798,804065043,0,icmp,SDC
1305,1217362780,61,load,benign
864,286737268,3,fneg,benign
2472,355402010,62,load,SDC
4846,981237447,0,icmp,benign
2606,2012254744,9,load,benign
619,590736446,62,fsub,SDC
832,1352268576,71,shufflevector,benign
523,1375258269,29,fsub,benign
3653,512216297,51,load,benign
2942,1858707437,35,insertelement,SDC
1128,1143938739,61,fadd,SDC
979,389309926,7,fadd,benign
1138,1643794232,39,fneg,SDC
3172,391856552,40,load,benign
4108,1058329913,56,fmul,SDC
1752,2050786640,14,load,benign
454,151169416,6,shufflevector,benign
648,1417825302,42,fmul,benign
1522,1056946052,33,load,benign
3477,214437540,16,load,SDC
738,350464566,44,load,benign
642,1359564238,37,fmul,benign
401,682971409,63,fadd,SDC
3932,692272696,0,fmul,benign
1112,446562048,29,fadd,benign
1240,1217178155,38,load,benign
3508,331297953,102,load,benign
401,1386708040,62,fadd,benign
1122,1231149240,12,fneg,benign
4055,1721556283,0,fcmp,benign
3146,334641011,17,select,benign
3206,1434291638,16,load,benign
406,1560429813,60,fmul,SDC
736,1718451390,41,load,SDC
3826,487521854,21,fadd,benign
1155,1063225354,16,fneg,benign
4192,113109236,47,phi,SDC
4567,886427259,38,fdiv,benign
3532,522223941,0,icmp,SDC
2990,437128938,93,fmul,benign
3761,1486592891,51,fadd,benign
3258,1748594290,60,load,SDC
3461,1137854176,9,load,benign
1233,775085004,53,load,benign
2236,1028472325,119,insertelement,SDC
1110,1363554009,62,fadd,benign
583,608729809,84,insertelement,benign
2135,1733634675,121,shufflevector,SDC
2344,69279226,60,load,benign
4398,1323835037,97,fadd,benign
2205,2064465019,58,shufflevector,benign
2963,232523169,57,fsub,benign
2338,482869721,0,icmp,benign
3706,695791848,10,load,benign
665,417805802,27,fadd,benign
2201,433423731,80,shufflevector,benign
3736,1800515964,26,fadd,benign
2383,1203569212,36,load,SDC
3454,1441097571,7,load,benign
5034,1917869577,0,fcmp,benign
3752,1773083966,22,fadd,benign
2857,631307129,40,load,benign
620,201787975,59,fmul,SDC
803,1132335325,26,load,SDC
2060,698183563,45,load,benign
1002,71926779,4,load,benign
4790,1721646804,23,sext,SDC
4285,1621704046,0,extractelement,benign
3756,1030007704,29,fadd,benign
445,1261981515,103,fadd,benign
3728,1748827426,51,fadd,benign
3078,1099351138,19,fsub,benign
3917,180049293,33,fsub,benign
3672,1838357054,46,load,benign
1327,273657923,9,load,benign
4279,988326301,101,load,benign
3321,540323209,38,load,benign
4666,85070524,9,load,benign
3849,10338777,19,fmul,benign
1458,1074609581,37,load,benign
3793,1721338440,12,fmul,benign
632,1438898289,58,fmul,SDC
682,1282677367,7,load,benign
437,375100718,47,insertelement,benign
3376,274649473,125,insertelement,benign
3456,1755641179,31,phi,SDC
3931,1239844381,59,fsub,benign
970,432321285,4,sext,benign
3484,1978902117,6,load,benign
3926,1848743313,58,fadd,benign
1113,1045733163,59,fadd,SDC
937,1170922156,54,load,SDC
3058,497859570,7,load,benign
4732,1396747285,55,add,SDC
1325,213253303,7,load,benign
2530,461422677,23,load,benign
967,714618090,25,load,SDC
3304,1651693991,30,extractelement,benign
3920,847379290,5,fadd,benign
4608,1452339010,25,select,SDC
2495,1003991365,1,load,benign
446,844894804,118,shufflevector,benign
4605,727922477,0,fcmp,SDC
3519,1253258583,3,load,benign
619,1887405128,60,fsub,SDC
959,1223255994,15,add,SDC
976,1192198088,7,load,benign
1275,1042440787,49,load,benign
485,1496351889,7,extractelement,benign
1117,1654160875,7,fadd,benign
2225,1102627365,46,load,SDC
2473,1854380664,16,fadd,benign
676,1048190325,1,load,benign
1138,849005223,35,fneg,SDC
566,465641775,119,shufflevector,benign
3837,1187551852,14,load,SDC
788,240952183,45,load,SDC
634,128264427,6,fsub,benign
2998,1489223206,50,fadd,SDC
1162,1705884964,52,fmul,SDC
1145,1678076498,20,fneg,benign
2557,560307274,40,load,SDC
2129,1053248384,107,shufflevector,SDC
577,1958148948,59,fneg,benign
979,1129349054,62,fadd,SDC
1478,2026221497,1,load,benign
3150,1924341100,42,call,benign
952,1963383925,54,load,SDC
4678,1393456008,43,load,benign
1422,2016111178,11,fmul,benign
1133,1143647840,11,fneg,benign
1138,1812294620,37,fneg,benign
2313,1308028285,108,fmul,benign
445,1176833088,120,fadd,SDC
2205,1280156744,71,shufflevector,benign
368,1790737395,0,icmp,SDC
1121,573962785,44,fadd,benign
1142,461135141,62,fadd,SDC
3749,1236463853,42,fadd,benign
2211,958607995,50,shufflevector,benign
845,106422354,5,fmul,benign
2998,1337010475,113,fadd,SDC
551,4527011,67,fmul,benign
1144,1206876013,25,fadd,benign
3454,1179681442,42,load,SDC
3071,2034005805,37,fsub,benign
2233,1685707780,43,load,SDC
3093,2057947691,38,fmul,benign
1322,633878431,60,load,benign
2793,1336446273,45,load,SDC
3477,147264791,17,load,SDC
1111,743273374,19,fadd,benign
796,1191797280,5,load,benign
646,439004423,39,fmul,benign
3456,1207679051,63,phi,SDC
1386,796450022,48,load,benign
3992,526583270,41,phi,benign
3638,1128275812,15,load,benign
3513,931517500,31,add,SDC
4881,491503557,38,sext,SDC
3492,913877082,0,icmp,benign
2973,1951112761,69,insertelement,benign
4162,356998413,46,extractelement,benign
683,1805254141,26,fadd,benign
641,816945596,19,fneg,benign
3882,2038179815,12,fadd,benign
4829,1362054774,0,icmp,benign
1668,796808937,15,load,benign
870,1237250202,36,fneg,benign
1179,2053407511,19,load,benign
2900,1644596606,25,load,benign
1862,666108044,18,load,benign
758,1059110779,56,load,SDC
3582,381575519,11,phi,SDC
3870,994848953,5,fadd,benign
3160,1032982316,36,call,benign
1112,1753977099,25,fadd,benign
5134,728033377,18,fmul,benign
635,1791488737,25,fsub,benign
1134,1563852,32,fadd,benign
454,946785047,69,shufflevector,benign
4885,357223193,0,icmp,SDC
1671,1039432444,61,load,SDC
382,1090304302,47,load,benign
1844,542931172,1,load,benign
857,837544977,120,fneg,benign
3077,1954579567,8,fsub,benign
1682,1885137828,57,load,SDC
3159,839651702,29,fmul,benign
637,1742646995,26,fneg,benign
3448,1748519095,26,call,benign
987,1059178894,27,add,SDC
2535,1095162430,9,load,benign
1300,1491602950,24,load,benign
3504,737858020,120,load,benign
5124,858374173,62,fmul,benign
1114,1070383064,22,fneg,benign
4038,1093286970,3,sext,benign
664,280099166,36,load,benign
3096,1389238847,25,load,benign
4985,130791587,20,phi,SDC
1144,397526812,41,fadd,benign
2363,345081836,19,load,benign
628,1424929609,17,fmul,benign
779,816624555,16,load,benign
1165,1740186764,40,fmul,SDC
3109,1851884329,39,load,benign
1252,1598993803,20,load,benign
1122,626931029,24,fneg,benign
4872,1170432838,0,icmp,SDC
1135,1592064312,16,fmul,benign
3737,649955720,37,fadd,SDC
3504,430655098,55,load,benign
419,142191645,56,load,benign
3561,328327954,5,fsub,benign
739,1577307318,33,load,SDC
3722,480322649,1,fadd,benign
1121,669413101,22,fadd,benign
634,42765545,62,fsub,benign
5172,1079661681,59,sext,SDC
645,1598552506,60,fneg,SDC
3555,1218843548,9,load,benign
4548,215783334,62,phi,SDC
3571,959682364,0,fcmp,SDC
3999,523038073,60,load,benign
376,1924091458,43,load,benign
3477,1813433099,12,load,SDC
965,950147617,25,phi,SDC
802,1023783442,13,load,benign
4884,2021255118,19,add,SDC
658,1020677491,20,load,benign
5138,3810999,37,call,benign
3078,1001491687,12,fsub,benign
3488,765592916,5,load,benign
1822,521289962,44,load,SDC
960,841298381,0,icmp,SDC
3079,1999720045,39,fsub,benign
629,248062150,26,fadd,benign
1015,1258907875,60,sext,SDC
2198,726268663,122,insertelement,benign
441,1036237272,7,insertelement,benign
4040,254428648,2,load,benign
3871,2003578166,3,fadd,benign
536,721552228,43,fneg,benign
783,456280933,38,load,benign
641,534679542,20,fneg,benign
3849,1869515755,5,fmul,benign
623,1598561163,59,fsub,SDC
2281,330724108,68,fmul,benign
621,1839505482,51,fadd,SDC
4283,1233275638,1,xor,benign
646,548935249,0,fmul,benign
1151,482114150,48,fneg,benign
998,1059569066,25,load,SDC
682,1355722987,10,load,benign
4472,396001988,17,load,benign
3081,593119096,39,fadd,benign
4739,1486876312,5,load,SDC
2123,1252476099,48,shufflevector,SDC
2786,1270319325,34,load,SDC
3259,38411069,1,fsub,benign
1135,234737821,57,fmul,benign
458,1649923747,119,insertelement,benign
987,1629200068,7,add,SDC
1554,217528386,62,fmul,benign
3742,1173618288,21,fsub,benign
3356,1361170424,105,insertelement,benign
3145,1941104569,0,fcmp,benign
1713,1768554905,27,load,benign
1181,1781679703,54,load,SDC
4521,67262138,45,fadd,benign
2254,1060574070,4,load,benign
3444,881881348,43,fsub,SDC
4405,282868110,1,fcmp,SDC
3215,59264802,17,load,benign
3343,2006539521,13,fmul,benign
4395,1187903794,93,load,benign
628,467521358,27,fmul,benign
861,1289696434,110,fneg,SDC
618,1480945137,19,fsub,benign
683,1139507111,43,fadd,SDC
976,1777719512,39,load,SDC
3172,1015731472,8,load,benign
4057,395767713,0,fcmp,SDC
520,1731428814,72,fsub,benign
4520,1687233531,11,fadd,benign
623,823924720,21,fsub,benign
641,1167930545,22,fneg,benign
5119,222952794,14,load,benign
2234,1967743671,61,load,benign
3144,727081509,37,call,benign
1118,1526178281,9,fadd,benign
1473,1881748567,22,load,benign
3456,1392364643,11,phi,SDC
2171,874425932,12,shufflevector,benign
3502,455314314,0,load,benign
943,1984217127,47,phi,SDC
625,506166271,42,fadd,SDC
3294,451263249,96,fsub,benign
1509,680615313,36,load,benign
3361,1427183735,95,insertelement,benign
2248,1280392358,21,load,benign
3465,794097804,4,load,benign
854,177321039,62,fmul,SDC
1407,1747580290,37,load,SDC
2129,894945798,3,shufflevector,benign
659,781211165,53,fadd,SDC
2515,1995177759,55,load,SDC
1155,298267191,12,fneg,benign
2964,434259571,66,insertelement,benign
1726,1000898451,1,load,benign
854,1494747733,72,fmul,benign
1346,386922538,26,load,benign
2337,1964506742,50,add,SDC
1161,824157421,43,load,SDC
5131,1013017223,34,load,benign
1606,231455954,10,load,benign
1310,415094949,60,load,benign
444,1261862087,76,fsub,benign
479,78539435,6,shufflevector,benign
1356,792592210,20,load,benign
1008,517585653,7,load,benign
3076,437222044,63,fsub,benign
1114,54246324,34,fneg,benign
5114,1973135040,63,phi,SDC
418,1541313152,23,load,benign
2427,1575354167,44,load,SDC
3459,1018813512,60,sext,SDC
4084,1604318264,20,phi,benign
636,1887186757,50,fmul,SDC
988,728633389,0,icmp,SDC
2906,1277312132,44,load,SDC
739,1262024941,59,load,SDC
2095,1526891016,46,load,SDC
462,1882328009,51,shufflevector,benign
1680,1457514149,47,fmul,SDC
978,1093714354,52,load,SDC
4758,1556056955,59,add,SDC
2403,9330663,25,load,benign
3859,1135024797,2,fmul,benign
3718,1842036318,13,fadd,benign
3380,1043423696,7,fadd,benign
3733,970268894,4,fadd,benign
4073,1910943805,2,phi,benign
618,1708758582,45,fsub,SDC
4194,81303296,10,load,benign
590,202491500,68,shufflevector,benign
1025,146308089,1,sext,benign
437,645849787,11,insertelement,benign
3172,1610479083,36,load,benign
411,269398240,17,fadd,benign
623,971500679,16,fsub,benign
511,731624459,78,insertelement,benign
1042,259404402,41,load,benign
1455,1350041887,8,load,benign
3000,1707317320,93,fmul,benign
5174,2062625834,8,load,benign
985,1845828370,57,fadd,benign
2953,1910146265,108,insertelement,benign
621,1494447477,24,fadd,benign
4889,1528538435,58,phi,SDC
808,1621976338,41,phi,SDC
664,679037722,48,load,benign
435,981572104,87,insertelement,benign
625,1577023519,48,fadd,benign
486,1453308594,59,extractelement,benign
3803,843693700,27,fdiv,benign
3160,818435909,55,call,benign
1102,647892908,58,load,benign
1118,1529841796,9,fadd,benign
4168,991693050,0,icmp,SDC
3491,775957398,12,add,SDC
3279,822297539,51,load,benign
2241,1346647533,1,load,benign
3830,455654224,5,fadd,benign
3461,1817274090,63,load,SDC
623,1963521520,15,fsub,benign
2935,430181184,93,fsub,benign
641,195183127,51,fneg,benign
3924,921235240,30,fsub,benign
3030,1755115642,58,load,SDC
3185,600249654,33,load,benign
967,918421655,23,load,SDC
3324,182636864,24,insertelement,benign
1144,1024810748,55,fadd,benign
1110,577323030,63,fadd,SDC
401,758548814,6,fadd,benign
587,1641598714,33,fsub,benign
2884,1734202747,0,icmp,SDC
1114,796176709,43,fneg,benign
4367,1030386297,0,and,benign
3926,1026602386,13,fadd,benign
2929,758441290,38,fsub,benign
3773,1738606919,17,fsub,benign
4792,1814637101,31,load,benign
585,1106387804,45,insertelement,benign
2233,330374198,27,load,benign
2868,422921527,55,load,benign
1135,2001764341,45,fmul,SDC
2788,1744511088,12,fdiv,benign
2155,2002352214,43,shufflevector,benign
486,296114791,22,extractelement,benign
956,29332376,50,load,benign
3477,2037664866,1,load,benign
3074,465611560,32,fsub,benign
1128,1307636194,38,fadd,benign
2522,277983550,15,load,benign
4267,1556105468,57,phi,SDC
658,1480423143,50,load,SDC
1374,1161617013,39,load,SDC
3477,575571860,25,load,SDC
3929,1451877865,38,fadd,benign
960,907734790,0,icmp,benign
588,165383479,53,extractelement,benign
662,25780472,56,fadd,benign
2047,1988569272,31,or,SDC
1864,497089460,3,fmul,benign
2077,1102200474,17,load,benign
873,788718164,73,load,benign
1128,185135363,47,fadd,benign
4054,1904073907,37,select,benign
3110,836511578,52,load,benign
1047,1133157726,7,load,benign
1110,778630629,23,fadd,benign
456,1112013312,1,insertelement,benign
960,265722863,0,icmp,benign
2105,1984863077,53,load,SDC
1544,874050281,20,load,benign
873,1327802527,47,load,SDC
4074,155441579,5,and,benign
3039,169238653,49,load,benign
496,1335013074,79,shufflevector,benign
3458,916981011,25,load,SDC
3895,1579900252,14,fmul,benign
1134,1436232284,8,fadd,benign
862,1715557383,118,fmul,SDC
3302,1861654241,74,insertelement,benign
3433,6121053,21,call,benign
644,1352267350,51,fmul,SDC
3081,1430502919,52,fadd,benign
406,1818947755,42,fmul,benign
4610,1118053552,0,add,SDC
2985,769467386,2,fsub,benign
516,992166801,14,shufflevector,benign
3458,1606731824,19,load,SDC
979,735258510,3,fadd,benign
985,1418206965,33,fadd,SDC
3073,811762106,31,fsub,benign
356,742175763,7,load,benign
2535,1637390429,6,load,benign
987,244239375,40,add,SDC
3083,97954642,19,fmul,benign
3086,752000547,9,fmul,benign
5124,1749378086,9,fmul,benign
2250,1067038594,75,insertelement,benign
3903,162445072,63,fadd,SDC
1113,51048793,52,fadd,benign
644,1880996861,43,fmul,SDC
3933,769724990,16,fmul,benign
1137,1709112697,62,fadd,SDC
5127,318385629,0,fcmp,benign
450,1570196841,37,insertelement,benign
5146,396145774,0,fcmp,benign
4574,233445695,13,phi,benign
3687,1687045068,25,load,benign
3877,1417427264,32,fadd,benign
4676,321909879,56,fmul,benign
3492,511480968,0,icmp,benign
3198,1583174585,43,load,benign
1584,436506132,13,load,benign
969,1153528764,40,load,SDC
2191,824545231,115,shufflevector,SDC
636,2049060955,28,fmul,benign
3986,190792271,30,sext,SDC
3616,547455430,29,load,benign
1853,1768045711,11,fmul,benign
2035,1088029717,0,load,benign
551,341956042,23,fmul,benign
3327,779946994,31,fsub,benign
4891,512703577,29,load,SDC
3722,1406952342,55,fadd,SDC
2313,2053942022,121,fmul,benign
1809,518277103,28,fmul,benign
959,1164136423,6,add,SDC
1416,1353608511,41,load,SDC
1221,1585050187,43,load,SDC
4582,1051517531,9,phi,benign
3750,1542074765,38,fsub,benign
2412,2012566837,43,load,SDC
965,1560526242,10,phi,SDC
2197,835515104,71,shufflevector,benign
3458,1337109609,14,load,SDC
815,1905179281,19,add,SDC
923,1901510491,20,load,SDC
2273,1516459220,30,fmul,benign
3903,959842653,25,fadd,benign
3161,564262646,19,fdiv,benign
3014,462252473,26,fmul,benign
1848,624067126,56,fmul,benign
3036,307032000,10,load,benign
1388,1416279103,14,load,benign
3028,1862064151,43,load,SDC
1199,1798493994,46,load,SDC
959,1884107215,22,add,SDC
1110,768138547,59,fadd,benign
1149,1063182680,2,fmul,benign
2220,1806103642,16,load,benign
4999,660784610,0,fcmp,benign
619,152833784,40,fsub,benign
2478,313067175,48,fadd,benign
586,1408052963,60,shufflevector,benign
3872,1834886214,13,fadd,benign
618,1296591942,23,fsub,benign
550,370686865,80,shufflevector,benign
683,689895053,7,fadd,benign
3498,1499613501,103,load,benign
3287,1909964813,47,load,benign
448,267834996,96,insertelement,benign
1137,188782002,48,fadd,benign
1829,1276678795,48,load,SDC
459,608805945,106,fsub,benign
3510,1941159110,37,load,benign
3459,1751963001,61,sext,benign
1126,778735562,8,fneg,benign
5011,590197285,0,fcmp,benign
3895,1693918086,48,fmul,benign
4755,321713539,30,load,benign
1491,1332689557,52,fmul,SDC
1634,1217816986,11,load,benign
3155,1145190623,33,select,benign
3773,335558887,11,fsub,benign
682,1990950453,41,load,benign
2960,1703728095,122,fsub,SDC
3881,1208468551,24,fadd,benign
671,1027778502,16,fadd,benign
2502,1902571702,2,load,benign
2470,164674578,15,load,benign
1516,47998836,12,load,benign
1151,680029676,41,fneg,benign
668,1918449175,13,fadd,benign
2268,1325434589,35,load,SDC
3765,1334015447,58,fadd,benign
3708,215461528,7,load,benign
1149,1987815085,57,fmul,SDC
4685,1135618100,16,sext,SDC
1446,415276883,55,fmul,SDC
665,163690681,6,fadd,benign
2350,2057183485,17,load,SDC
2505,44307662,54,load,benign
1322,471665766,58,load,benign
4482,459599217,27,fadd,benign
3143,1979388168,18,load,benign
874,67735288,2,fneg,benign
3076,31357496,2,fsub,benign
2448,1304739428,19,fadd,benign
3727,1253843397,9,fmul,benign
2505,1046039694,25,load,benign
846,1404573148,83,load,benign
802,753329595,59,load,benign
962,1801491500,51,add,SDC
1590,1280315119,7,load,benign
839,15195947,72,load,benign
3077,1305838579,33,fsub,benign
2289,1595812715,69,fmul,benign
1829,1926782155,51,load,benign
2872,2026783999,1,select,benign
3926,381355480,47,fadd,benign
3478,363303452,39,sext,SDC
3465,1861770953,3,load,benign
1491,1283773084,36,fmul,SDC
960,953976298,0,icmp,SDC
585,513401334,74,insertelement,benign
3209,1326126404,3,fsub,benign
1117,855785991,46,fadd,benign
3311,423307797,25,insertelement,benign
3602,73870997,23,load,SDC
1144,499721482,17,fadd,benign
421,886688852,59,load,SDC
634,795353997,33,fsub,benign
1129,1112114564,23,fadd,benign
4487,1869769753,57,load,SDC
1544,1294165161,32,load,benign
1121,439731186,15,fadd,benign
493,1794416116,15,insertelement,benign
2945,927765990,77,fsub,benign
802,1212690959,25,load,benign
3769,1728311383,11,fadd,benign
3459,112136099,39,sext,SDC
890,1041884516,81,fmul,benign
569,1600420992,62,extractelement,SDC
1118,887768006,17,fadd,benign
3083,769263448,35,fmul,benign
616,1701624932,31,fmul,SDC
1113,796157568,11,fadd,benign
3607,829740152,2,load,benign
590,1680671222,45,shufflevector,benign
2301,1498987044,8,fmul,benign
2181,16001520,87,shufflevector,benign
1351,796000258,27,load,benign
656,1206057388,32,fadd,benign
988,619299735,0,icmp,SDC
2974,1648808991,110,insertelement,SDC
1138,1283380349,0,fneg,benign
3904,1531609453,26,call,benign
3567,1472613777,23,fsub,benign
2168,920144055,85,insertelement,benign
808,258777256,18,phi,SDC
1261,1115903523,50,load,benign
984,612194295,54,load,benign
5124,1114661811,9,fmul,benign
464,910256207,11,fsub,benign
3083,582595412,44,fmul,benign
635,601550535,63,fsub,benign
3866,1138756374,4,fadd,benign
4091,1400149421,0,fcmp,benign
2421,659397202,1,load,benign
3472,1717559957,43,add,SDC
537,1551516774,25,extractelement,benign
644,410953262,52,fmul,benign
1134,1460571441,56,fadd,SDC
4066,28188714,22,load,SDC
4684,410253922,7,call,benign
4733,1005779522,0,icmp,SDC
634,1038166193,19,fsub,benign
2951,1092859191,24,insertelement,benign
620,999375963,22,fmul,benign
3000,1315763024,3,fmul,benign
3735,1562718038,23,fmul,benign
3473,1026098555,0,icmp,SDC
943,1729101976,0,phi,benign
2184,620355629,50,insertelement,benign
619,220228092,35,fsub,benign
3492,1875871263,0,icmp,benign
463,631570555,79,shufflevector,benign
1040,760676635,15,sext,SDC
3093,917478529,46,fmul,benign
1128,29756838,49,fadd,benign
3491,1232445869,35,add,SDC
1161,43900061,1,load,benign
1138,167642270,41,fneg,benign
973,1708676082,46,fadd,SDC
490,1854822837,19,extractelement,benign
4060,1497187497,31,load,benign
4672,1532017196,28,load,benign
4090,2010690704,10,load,benign
572,950313018,25,fneg,benign
3841,1907299187,11,fmul,benign
1142,1373745548,47,fadd,SDC
2954,1985792602,125,insertelement,SDC
3477,1634956487,31,load,SDC
3651,780507189,12,load,benign
496,1534271180,109,shufflevector,benign
2014,1039379291,14,load,benign
5182,604581398,5,select,benign
3492,1468586131,0,icmp,benign
677,1780510887,42,fadd,SDC
3204,1955064530,41,load,benign
1364,114936632,19,load,benign
674,1815525028,32,fadd,benign
3657,1490039904,3,load,benign
622,1680881612,1,fsub,benign
2942,2437826,100,insertelement,benign
509,170397543,10,insertelement,benign
1133,128482175,63,fneg,benign
646,953700567,3,fmul,benign
1518,1095569219,6,fmul,benign
1345,1269650775,28,load,benign
799,1122150941,15,load,benign
2121,327120652,14,shufflevector,benign
3131,1920595438,63,load,benign
946,1732788861,11,sext,SDC
422,712589347,10,load,benign
1134,114351280,32,fadd,benign
1686,1207258457,7,fmul,benign
972,209064954,16,load,benign
3898,540371571,14,fmul,benign
4155,843979933,70,insertelement,benign
1842,1471619452,24,fmul,benign
3881,1100028024,1,fadd,benign
3458,34489086,18,load,SDC
434,70052820,47,insertelement,benign
517,999203845,84,fsub,benign
1311,270080655,13,load,benign
4048,2069247852,23,fmul,benign
3926,112938647,56,fadd,benign
5119,431481433,3,load,benign
665,1521718673,5,fadd,benign
2295,1799008303,21,fmul,benign
404,1139549067,6,fsub,benign
1124,651449178,9,fadd,benign
1303,866335196,3,load,benign
4787,847608303,21,phi,SDC
945,1456346109,3,load,SDC
1266,192148064,12,load,benign
2144,923253374,84,insertelement,benign
3036,899548517,21,load,benign
982,1317853689,5,load,benign
518,830814973,48,extractelement,benign
661,1297007146,47,load,SDC
1220,75478545,15,load,benign
3359,239490600,7,insertelement,benign
973,2011315623,23,fadd,benign
943,1705186365,7,phi,SDC
630,598357081,26,fsub,benign
683,1372929018,29,fadd,benign
1533,432948349,1,load,benign
3592,565190404,7,load,SDC
1006,160538033,45,load,SDC
673,538327216,12,load,benign
359,325495378,46,load,benign
620,1522373298,29,fmul,benign
619,117406144,3,fsub,benign
2195,1074560486,86,shufflevector,benign
491,1881035606,32,fneg,benign
4013,695991391,15,select,benign
1572,1836946896,6,load,benign
538,1268566383,19,insertelement,benign
3347,828949547,26,shufflevector,benign
604,1868779768,21,fneg,benign
3555,1243260175,15,load,benign
683,1251582636,50,fadd,SDC
4055,462922045,0,fcmp,SDC
1117,563251673,34,fadd,benign
1121,1206687846,0,fadd,benign
423,186424306,26,load,benign
2075,16004609,44,load,benign
2560,200100472,39,load,benign
972,611692837,46,load,SDC
451,1043618053,90,fsub,benign
3465,1029493491,47,load,SDC
982,1873817955,31,load,benign
2884,285093535,0,icmp,benign
2124,708888335,81,insertelement,benign
1720,1106155437,35,load,benign
3477,1092806636,12,load,SDC
356,1697731540,56,load,SDC
3361,713008068,127,insertelement,benign
4635,466761578,23,fmul,benign
2136,429670106,50,insertelement,benign
533,1823837519,26,fneg,benign
3092,839802973,26,fneg,benign
1604,1623656644,58,load,SDC
3344,1620880951,57,insertelement,benign
2222,666018116,27,insertelement,benign
1597,1905922885,18,load,benign
4755,1058412706,26,load,benign
406,1639802461,44,fmul,benign
948,516749608,63,load,SDC
4634,385491381,25,load,benign
2616,1210371672,53,load,SDC
4487,537330100,17,load,benign
1164,2029415414,28,load,benign
2525,1709609097,55,load,benign
2971,1001374112,112,insertelement,SDC
3849,2058726528,9,fmul,benign
3078,1413117967,41,fsub,benign
3344,66255806,76,insertelement,benign
3322,1333778843,6,load,benign
4733,681974176,0,icmp,SDC
1126,1192620405,17,fneg,benign
446,418218863,81,shufflevector,benign
3632,1375538993,23,load,benign
5035,279269772,0,select,benign
438,214426602,70,fsub,benign
3361,550848181,42,insertelement,benign
1509,1547808004,60,load,SDC
3145,423256898,0,fcmp,benign
2999,1120553876,41,fneg,SDC
3086,483750672,4,fmul,benign
425,1588050913,11,load,benign
1332,259648271,12,load,benign
2158,1042973447,89,insertelement,benign
671,18578590,32,fadd,benign
1546,1785719914,45,fmul,benign
3341,1137802075,32,extractelement,benign
1134,789286937,63,fadd,benign
3478,352809719,7,sext,benign
3884,141237604,45,fmul,benign
3881,35175841,6,fadd,benign
631,1418006615,49,fsub,SDC
804,1240932180,6,load,benign
1132,1547203972,57,fadd,SDC
1269,1147118556,43,load,SDC
4063,868636242,16,and,benign
679,1935909518,16,load,benign
3079,585548248,19,fsub,benign
2748,551630209,0,icmp,SDC
2205,1342801738,102,shufflevector,benign
1122,701085472,25,fneg,benign
972,834480125,10,load,benign
620,308166111,42,fmul,benign
634,138478542,5,fsub,benign
2216,926982603,46,or,SDC
1632,595719306,42,fmul,benign
475,1630860250,95,fadd,benign
1124,1359869776,56,fadd,SDC
4993,1804260711,10,add,SDC
2430,418839301,30,load,benign
2091,1329479178,3,load,benign
2520,334299179,9,load,benign
3478,1152404698,37,sext,SDC
1518,465227306,31,fmul,benign
2954,119252708,112,insertelement,benign
4284,1604524088,1,or,benign
4493,300567761,15,load,benign
3988,1652608147,10,load,benign
1309,591558450,4,load,benign
5034,1184359713,0,fcmp,benign
3215,610556549,51,load,benign
1149,2005162835,51,fmul,SDC
1802,266949162,42,load,benign
3770,353123789,38,fadd,benign
536,345347542,44,fneg,benign
601,932702239,65,fneg,benign
1151,971793392,1,fneg,benign
653,428434108,43,fadd,benign
1352,1021375564,54,load,benign
3982,477141915,26,and,benign
404,865735263,17,fsub,benign
2170,807515816,18,insertelement,benign
3491,1527343877,24,add,SDC
4271,1452286546,11,load,benign
4821,667893541,0,fcmp,benign
2009,1311961197,35,shl,SDC
956,1283027409,3,load,benign
630,1691465113,36,fsub,SDC
429,586231598,60,load,benign
2139,270459337,6,shufflevector,benign
2705,1167995492,41,load,benign
3600,1724890734,18,load,SDC
1005,1640427462,37,sext,SDC
631,2032071613,49,fsub,benign
1370,263371657,25,load,benign
665,301240357,55,fadd,benign
1642,909287914,4,fmul,benign
614,1749716113,28,fsub,SDC
3891,1897056360,43,fneg,benign
698,1202108317,13,load,benign
517,504964523,83,fsub,benign
873,1807979113,93,load,benign
978,1146238326,4,load,benign
677,732408092,60,fadd,benign
1111,1318081667,55,fadd,SDC
4621,1924889418,0,fcmp,benign
1260,1901852006,7,load,benign
665,619551969,29,fadd,benign
4962,724472974,54,load,SDC
3750,1208449142,55,fsub,benign
648,1484217526,6,fmul,benign
625,1407401960,3,fadd,benign
662,577151035,22,fadd,benign
1313,291272531,32,load,benign
479,276317201,18,shufflevector,benign
370,66676293,12,load,benign
3977,212051547,2,load,benign
429,74575012,38,load,benign
3843,444960574,18,fneg,benign
676,1670262317,9,load,benign
4828,243964429,6,add,benign
1620,1081149860,28,load,benign
3077,1102989537,17,fsub,benign
530,875223736,107,fneg,benign
380,1399660485,45,load,benign
680,1828908538,33,fadd,SDC
2468,153876449,55,fadd,benign
3748,1142251746,5,fadd,benign
1811,175218120,50,load,benign
3480,857646315,47,load,benign
2056,764855413,44,load,SDC
1144,365379880,60,fadd,SDC
3169,1551457729,42,load,benign
653,704086685,5,fadd,benign
4599,229938270,40,fadd,benign
1047,538695403,19,load,benign
3514,1395876541,0,icmp,benign
939,1129063520,44,load,SDC
3913,871914318,31,fadd,SDC
650,1209520229,25,fadd,benign
4675,583346153,16,load,benign
2493,725979552,0,fadd,benign
1114,344087318,46,fneg,benign
1137,54312436,15,fadd,benign
3075,158456854,19,fsub,benign
636,1072916747,48,fmul,SDC
2219,2030130781,47,load,SDC
1485,2057178500,34,fmul,benign
1722,521477233,53,load,benign
3814,1614504479,3,fadd,benign
1148,142576792,17,fneg,benign
3873,1569529908,17,fadd,benign
2503,764836931,31,fadd,SDC
627,1191802041,54,fsub,SDC
2485,1063879396,14,load,benign
3056,1779300378,32,load,benign
4739,1288987569,27,load,SDC
939,1715283817,3,load,SDC
4663,2059141365,26,phi,SDC
3523,154512072,24,load,benign
1161,1522759063,46,load,SDC
1853,323426518,55,fmul,benign
1111,1154443605,53,fadd,SDC
967,1987307820,10,load,SDC
869,141724728,24,load,benign
2319,394238781,58,fmul,benign
409,1399713294,16,fsub,benign
3014,1043542081,8,fmul,benign
1775,638121333,25,load,benign
632,1484033005,16,fmul,benign
4141,1156356633,126,insertelement,SDC
2295,517818936,39,fmul,SDC
3638,20977294,49,load,benign
4646,346603233,21,load,benign
1207,1619726495,32,load,benign
1762,1004238926,45,load,SDC
3977,1869637374,26,load,benign
1484,947737786,41,load,SDC
3769,1521278024,29,fadd,benign
623,1338766636,45,fsub,benign
413,329239847,50,fmul,benign
4884,833677405,62,add,SDC
1005,248866823,46,sext,SDC
4269,604395464,73,load,benign
3092,1958129658,42,fneg,benign
2996,913244902,10,fmul,benign
946,1953301883,10,sext,benign
967,11352398,27,load,SDC
3816,349635183,22,fsub,benign
3074,652646899,13,fsub,benign
2162,1401994337,103,insertelement,benign
4162,1707777179,55,extractelement,benign
1118,1474141120,39,fadd,benign
3917,1831453570,40,fsub,benign
3341,405455312,26,extractelement,benign
1025,1415193978,29,sext,SDC
2130,1498982429,45,insertelement,SDC
2154,676536176,26,insertelement,benign
1813,1189589508,56,load,SDC
2178,2012500634,2,insertelement,benign
2008,1537470273,34,phi,SDC
2798,1155144446,0,icmp,SDC
2219,1021734689,0,load,benign
1562,528579081,62,load,benign
4770,1033876871,106,fdiv,benign
3456,282115760,44,phi,SDC
401,1990652829,51,fadd,benign
3071,1703520230,45,fsub,benign
1331,315767405,48,load,SDC
4582,1952400677,47,phi,benign
967,826863294,16,load,SDC
619,1177847512,8,fsub,benign
1113,672698979,52,fadd,benign
3881,1528171472,19,fadd,benign
3089,1270706729,32,fmul,benign
607,1708246104,15,fmul,benign
1354,834884835,51,load,SDC
3550,1420625617,2,load,benign
3151,1537894630,0,fcmp,benign
1142,1112232722,2,fadd,benign
1332,989655127,43,load,SDC
3456,889079957,41,phi,SDC
2040,196292483,47,or,SDC
2263,146599461,71,insertelement,benign
5151,1628744886,59,add,SDC
4792,784220748,23,load,benign
410,4658181,48,fmul,benign
5008,1718164761,54,phi,SDC
3550,1354653920,24,load,benign
3301,2054757337,57,insertelement,benign
610,152632726,8,fmul,benign
625,1891134786,10,fadd,benign
2227,348376651,112,insertelement,benign
615,89291595,33,fsub,benign
2319,690736250,21,fmul,benign
808,1939152667,28,phi,SDC
599,1559954802,63,fneg,benign
400,1636009123,35,fsub,benign
1764,1266200260,13,load,benign
3555,1845205318,53,load,benign
1207,1418797197,59,load,SDC
2931,1658997436,35,insertelement,SDC
1236,894725311,43,load,benign
3756,1159728456,1,fadd,benign
420,677421707,10,load,benign
3083,515069855,20,fmul,benign
477,197301609,35,fmul,benign
3086,1004586417,19,fmul,benign
3745,3357046,48,fadd,benign
2025,1042563781,1,load,benign
617,1618467897,34,fadd,SDC
5180,392640846,0,fcmp,benign
3660,664008587,63,load,SDC
478,71165476,73,fneg,benign
1115,778593438,11,fmul,benign
4588,1163505774,26,load,benign
1161,2063814970,48,load,benign
4271,1976442156,3,load,benign
1776,100665047,56,fmul,benign
623,838069837,41,fsub,benign
1309,446793407,53,load,benign
3478,1395685027,52,sext,SDC
1164,891039506,14,load,benign
2959,568150645,106,insertelement,benign
2884,958862901,0,icmp,SDC
972,710801926,26,load,benign
3903,656859866,10,fadd,benign
435,2051563899,51,insertelement,benign
3322,536355695,44,load,benign
3733,713440491,49,fadd,benign
3118,610727904,0,fcmp,benign
1125,496401414,4,fadd,benign
3324,1169780789,92,insertelement,benign
5021,639620373,0,icmp,benign
2145,761334635,78,shufflevector,benign
1368,1450718261,32,fmul,benign
1137,1592109643,55,fadd,SDC
2966,1340690219,3,fsub,benign
3073,193793993,57,fsub,benign
1622,1585385374,61,load,SDC
4005,1131862788,45,fmul,benign
1750,305815634,38,load,benign
3985,1472965650,11,load,benign
1128,866750835,45,fadd,benign
441,211179967,40,insertelement,benign
3114,772908913,34,load,benign
946,1477168718,2,sext,SDC
1797,884790759,58,load,SDC
973,960258,33,fadd,benign
1161,1175157423,29,load,benign
1728,1599666411,30,load,benign
401,1911908866,22,fadd,benign
5124,809081058,6,fmul,benign
4007,346351839,2,fmul,benign
3855,169459133,61,load,SDC
1580,1678930406,0,load,benign
565,1412962321,98,fadd,benign
3237,271659892,60,load,benign
3777,1821327211,62,fadd,benign
2961,70147027,23,fsub,benign
354,2014457119,21,phi,SDC
3123,674325196,17,load,benign
4125,1257592997,23,fdiv,benign
2939,1120645227,55,shufflevector,SDC
1476,1716756918,26,load,benign
441,1435598850,11,insertelement,benign
2932,1800053607,85,insertelement,benign
455,895730632,72,insertelement,benign
470,1538328255,93,shufflevector,benign
495,1002738394,2,fsub,benign
5187,141671925,0,icmp,benign
620,805882469,53,fmul,SDC
2075,1182989741,6,load,benign
3427,126214829,36,load,SDC
1736,1926652565,41,load,SDC
960,1445700160,0,icmp,SDC
615,1220340744,44,fsub,benign
635,1577686159,53,fsub,SDC
679,946922744,43,load,benign
2488,962283768,46,fadd,SDC
979,915392323,54,fadd,SDC
518,1362953430,4,extractelement,benign
1195,1564303302,32,load,benign
557,1082388314,72,insertelement,benign
3492,666636540,0,icmp,SDC
5182,1955946216,42,select,benign
620,435802948,56,fmul,benign
3093,1025818259,61,fmul,benign
567,1346959783,71,fsub,benign
875,1518881718,21,fmul,benign
4550,583260721,40,load,SDC
1376,1754351171,57,load,SDC
1148,488922927,10,fneg,benign
3139,906763744,42,load,benign
3196,69659765,11,fmul,benign
4966,406714037,30,add,SDC
2146,1210553444,73,insertelement,benign
3508,2061782535,52,load,benign
3086,409398183,9,fmul,benign
641,1285937969,10,fneg,benign
1122,1526228710,5,fneg,benign
3465,787071584,34,load,benign
967,1836151282,19,load,SDC
638,760341158,22,fmul,benign
2782,1155151914,57,fdiv,SDC
3596,681540785,16,load,SDC
1308,1017643188,8,load,benign
425,1873451367,62,load,benign
2350,951427915,22,load,SDC
3074,1117286366,61,fsub,benign
3744,1724784700,4,fadd,benign
5116,1649438651,19,phi,benign
1025,308792826,3,sext,benign
444,214967964,49,fsub,benign
982,1083280191,14,load,benign
504,1645271397,85,fneg,benign
3098,342233033,45,load,benign
3897,6944745,28,fneg,benign
1419,1485118646,42,load,SDC
3975,664206733,10,sext,SDC
4894,1649387571,33,sext,SDC
1164,651620327,19,load,benign
1035,1936523776,10,sext,SDC
952,1608104273,59,load,SDC
617,81928149,11,fadd,benign
1347,2005031199,52,load,benign
1231,65050039,10,load,benign
948,378834103,63,load,benign
463,1856802006,25,shufflevector,benign
658,1414380774,48,load,benign
5145,1153136226,39,load,benign
5137,1935281942,28,phi,benign
4037,1573213004,14,load,benign
5115,977912723,6,phi,benign
486,1001644002,45,extractelement,benign
1124,1602135226,47,fadd,SDC
4145,942395186,44,insertelement,SDC
490,1156870772,27,extractelement,benign
2255,1074382141,25,load,benign
2430,666234144,8,load,benign
488,540144139,59,fmul,benign
662,816916813,36,fadd,benign
3855,593423575,18,load,SDC
637,1087450848,11,fneg,benign
1112,1667865761,8,fadd,benign
5031,137875621,19,sext,SDC
2557,454364263,32,load,benign
1169,1736943869,18,load,benign
3900,857940777,48,fmul,SDC
1397,1151276073,32,load,benign
4588,173368383,19,load,benign
3433,1992669218,22,call,benign
987,1118420072,15,add,SDC
1382,634538705,1,load,benign
959,562354656,23,add,SDC
3174,1075400989,12,load,benign
2148,659261751,65,insertelement,benign
1500,965323396,61,load,SDC
483,615924652,43,extractelement,benign
1421,894926365,47,load,SDC
3477,1727519833,29,load,SDC
2918,348731088,0,icmp,benign
3510,1388830106,4,load,benign
3456,1252956849,21,phi,SDC
530,872600020,35,fneg,benign
935,583520545,32,load,benign
3291,560796537,120,insertelement,benign
1209,662187962,40,load,benign
2445,1287198606,45,load,benign
662,859158346,55,fadd,benign
726,60457539,41,load,benign
3927,1707699642,15,fadd,benign
505,649556183,24,shufflevector,benign
2681,1994664117,6,add,benign
3502,16753503,36,load,benign
1445,1370606440,17,load,benign
610,1634394098,49,fmul,benign
4868,1638936081,33,load,benign
2917,811142734,24,add,SDC
368,442126858,0,icmp,SDC
1784,1175513922,5,load,benign
426,929454929,41,load,benign
4045,1787025740,0,fmul,benign
2960,1040059398,28,fsub,benign
3242,1717596036,22,fsub,benign
2968,1322575674,66,insertelement,benign
959,753036816,53,add,SDC
2949,1267553917,18,insertelement,benign
1118,1484564932,30,fadd,benign
988,1456582328,0,icmp,SDC
3465,197491052,0,load,benign
1622,143436365,18,load,benign
3287,1889412524,55,load,benign
635,1341884587,42,fsub,SDC
3844,921260637,11,fmul,benign
425,1551719194,27,load,benign
655,1376311950,53,load,SDC
2194,778986188,35,insertelement,benign
3496,1082360578,115,load,benign
700,1376206600,41,load,benign
640,1356113563,57,fmul,SDC
2105,1210390848,50,load,SDC
3771,861453324,60,fadd,benign
642,615299149,32,fmul,benign
943,227030973,52,phi,SDC
631,1262003078,39,fsub,SDC
405,1400655192,30,fsub,benign
3605,1586967314,0,sext,benign
4160,2034845182,66,phi,benign
1161,1290451938,44,load,SDC
473,590891099,76,fmul,benign
3279,1889398334,6,load,benign
4601,35523554,22,fneg,benign
4102,3433464,57,select,benign
367,1327504817,55,add,SDC
4861,699653452,15,load,benign
444,1188369591,112,fsub,benign
2219,1709540749,19,load,benign
1302,1991373216,22,load,benign
1120,1846783677,5,fadd,benign
3676,1420771292,2,load,benign
2880,1032604473,0,fcmp,SDC
2331,1443914631,51,fmul,SDC
640,848656884,16,fmul,benign
1796,1612933961,52,load,SDC
661,798961260,36,load,benign
3919,1769465804,4,fadd,benign
3488,2010269758,17,load,benign
1470,2026349762,17,fmul,benign
3747,141129213,31,fadd,benign
3086,1186936563,17,fmul,benign
1305,633718806,57,load,benign
4646,935669991,13,load,benign
2301,1095626243,107,fmul,benign
1032,1795239412,28,load,benign
3092,324618518,39,fneg,benign
976,869184718,25,load,benign
2782,242637885,52,fdiv,SDC
2884,1245925090,0,icmp,SDC
948,866255287,51,load,benign
3668,80962274,10,load,benign
990,1616005332,13,load,SDC
3737,38493085,23,fadd,benign
661,1341707721,17,load,benign
1179,103673302,51,load,benign
3755,1079032541,48,fadd,SDC
536,1411610501,30,fneg,benign
682,703752641,52,load,benign
3096,835996218,36,load,benign
676,707023161,33,load,SDC
3904,1469358207,48,call,benign
648,1494327365,47,fmul,SDC
3727,1659314305,38,fmul,benign
607,1677856580,9,fmul,benign
587,1503539224,18,fsub,benign
1215,1774401568,2,load,benign
3473,941802412,0,icmp,SDC
2502,944159638,47,load,benign
3076,769484869,27,fsub,benign
1149,796178142,23,fmul,benign
465,1546105012,29,fadd,benign
441,533142625,46,insertelement,benign
2319,1308552796,3,fmul,benign
1132,206617841,55,fadd,benign
2295,993544309,104,fmul,benign
3465,1972362482,52,load,SDC
3510,232268945,33,load,benign
2540,143512122,17,load,benign
637,1167354858,16,fneg,benign
1598,846078924,31,fmul,benign
1159,1136741444,8,fmul,benign
3289,948586151,37,load,benign
560,481619673,111,shufflevector,benign
3078,1985963718,48,fsub,benign
3250,1424024737,32,load,benign
635,1746589573,11,fsub,benign
1473,327209832,11,load,benign
443,1113729420,72,fsub,benign
662,1660500369,56,fadd,SDC
984,622631805,49,load,SDC
5275,46600,9,add,SDC
667,1842559294,60,load,benign
990,2001672789,27,load,SDC
3510,1865743557,124,load,benign
3852,278910026,51,fadd,benign
378,2025392377,35,load,benign
565,1565835165,54,fadd,benign
2166,390695568,119,insertelement,benign
1138,862974826,26,fneg,benign
2418,323876468,37,load,benign
591,47043775,34,fsub,benign
2439,1395475391,59,load,benign
3484,335314112,34,load,benign
3258,719812712,61,load,SDC
1122,1550351819,18,fneg,benign
5036,840536505,42,select,benign
866,1873590894,7,shufflevector,benign
615,1251609479,13,fsub,benign
670,495332632,9,load,benign
796,1611680220,51,load,SDC
4503,1278607972,56,load,SDC
3156,1092902744,10,call,benign
1480,1668289173,43,fmul,benign
3868,1295627904,40,fmul,benign
3161,98320284,0,fdiv,benign
479,1237181874,68,shufflevector,benign
3369,119177708,53,fmul,benign
677,827212816,31,fadd,benign
3564,2000083384,30,fsub,benign
1206,1059918568,38,load,benign
488,1725641422,25,fmul,benign
4389,2072789360,26,phi,SDC
3478,23780539,17,sext,SDC
549,1041487593,112,fneg,benign
466,2686450,17,shufflevector,benign
2289,1346277302,60,fmul,SDC
4985,1459136412,27,phi,SDC
2968,101972055,49,insertelement,benign
2125,1554234111,9,shufflevector,benign
3283,1046813275,32,load,benign
549,1768795580,24,fneg,benign
2350,1158462928,25,load,SDC
4845,773668792,51,add,SDC
969,202272712,49,load,benign
769,1525304654,38,load,SDC
581,1009888066,26,extractelement,benign
4080,123626855,25,load,benign
3011,1336496709,8,fneg,benign
1121,1571097364,38,fadd,SDC
979,2008224077,54,fadd,benign
2625,1695246560,25,load,benign
1159,541970730,5,fmul,benign
3018,553956094,13,fmul,benign
422,1045466343,24,load,benign
472,735356945,48,fsub,benign
572,1155903439,3,fneg,benign
2248,1640731491,28,load,SDC
1604,1151154889,19,load,benign
1480,1568524467,31,fmul,benign
2120,1203854752,120,insertelement,benign
1165,644627121,36,fmul,benign
3271,1462069458,62,load,benign
583,110524844,114,insertelement,benign
664,1546242550,41,load,SDC
630,1181534684,49,fsub,SDC
774,531114508,38,load,benign
3078,723108832,42,fsub,benign
3837,427338334,7,load,SDC
3863,402766538,31,fadd,benign
357,1790734857,54,fneg,SDC
670,1843003262,13,load,benign
3076,656723017,26,fsub,benign
1159,68794069,27,fmul,benign
1616,2046901905,41,load,SDC
2249,348104249,26,insertelement,benign
779,68049289,14,load,benign
5113,1118165313,51,phi,SDC
637,2029020449,4,fneg,benign
682,1904907817,50,load,SDC
2130,1035591403,106,insertelement,benign
979,357349988,17,fadd,benign
664,1223212447,12,load,benign
2930,1019114568,7,fsub,benign
716,1677312843,7,load,benign
441,1545039632,72,insertelement,benign
815,1746552831,3,add,SDC
3178,592775125,25,fmul,benign
3905,649818913,61,fdiv,benign
3092,402343798,27,fneg,benign
599,1534398120,38,fneg,benign
1134,259283975,51,fadd,benign
616,675810249,31,fmul,benign
440,20523599,57,insertelement,benign
1111,425320638,59,fadd,SDC
3208,1538274799,1,load,benign
1037,1595232582,8,load,benign
2457,898859040,16,load,benign
4108,977652156,39,fmul,benign
615,1757109685,22,fsub,benign
3456,161690479,51,phi,SDC
849,1219934466,114,shufflevector,SDC
622,1285989894,57,fsub,benign
3630,1462469378,7,load,benign
670,304660419,46,load,benign
1161,616100225,30,load,benign
3477,327958665,30,load,SDC
1726,800306466,29,load,benign
3528,203894283,5,load,benign
618,1279458309,12,fsub,benign
384,906321106,23,load,benign
3770,1914133691,57,fadd,benign
1102,65109952,36,load,benign
665,650542848,63,fadd,SDC
3478,23656035,0,sext,benign
2087,975961896,30,load,benign
537,2051007657,20,extractelement,benign
3081,306947123,0,fadd,benign
2788,1423258055,55,fdiv,SDC
516,373475572,54,shufflevector,benign
3873,959837004,19,fadd,benign
2379,1857873327,18,load,benign
948,170641369,2,load,benign
1082,1746956942,2,load,benign
2505,411880530,56,load,benign
1669,351593176,61,fmul,SDC
2168,1740730723,115,insertelement,benign
2227,348264303,57,insertelement,SDC
628,1973411444,8,fmul,benign
525,1282643839,22,extractelement,benign
3494,1329663005,28,phi,SDC
431,1597994835,62,load,benign
1770,319968789,37,load,SDC
2966,1280968445,19,fsub,benign
2295,666258861,60,fmul,SDC
4167,1638824289,40,add,SDC
988,964122464,0,icmp,SDC
2142,82950085,97,insertelement,benign
1120,1373639095,7,fadd,benign
1148,2029514904,9,fneg,benign
2241,510914438,18,load,benign
3632,1652403397,33,load,benign
3077,1214851210,52,fsub,benign
3089,1962017147,41,fmul,benign
435,172628098,102,insertelement,benign
738,1849626188,20,load,benign
527,521945550,43,extractelement,benign
987,1518454086,2,add,SDC
3475,1606714798,4,phi,SDC
4110,311015252,38,load,benign
2313,1768323488,13,fmul,benign
941,57354144,49,load,SDC
3496,1985667605,74,load,benign
569,2066452527,46,extractelement,benign
3494,1779119483,30,phi,SDC
1597,1039379064,45,load,benign
5120,78037103,18,sext,SDC
412,138736457,50,fadd,benign
632,1487197841,40,fmul,benign
1580,1391458049,19,load,benign
1025,534845955,21,sext,SDC
367,109871393,48,add,SDC
3532,1158893724,0,icmp,SDC
3727,74069928,51,fmul,benign
3972,1413971728,52,phi,benign
987,1901717139,15,add,SDC
1673,1088555299,33,load,benign
2215,2005961978,32,phi,SDC
631,1673816579,11,fsub,benign
3076,1413361529,11,fsub,benign
412,893849924,39,fadd,benign
1148,223953344,61,fneg,SDC
478,934409913,37,fneg,benign
3198,1458595800,11,load,benign
3354,1999607815,15,insertelement,benign
2530,1315040212,30,load,benign
3148,1941002937,0,fcmp,benign
726,1449004450,62,load,benign
676,1856652352,24,load,benign
2016,302614046,1,load,benign
3429,1876037950,14,load,SDC
778,1856400878,62,load,benign
646,120646135,38,fmul,benign
945,960756636,9,load,SDC
442,1080047349,15,insertelement,benign
659,569576589,56,fadd,benign
5145,314871278,19,load,benign
3832,1552390443,35,fsub,benign
4522,1097018563,59,fmul,SDC
864,255065325,105,fneg,benign
3283,656619434,8,load,benign
1833,563819378,20,load,benign
594,1590965764,66,fsub,benign
510,797674918,127,fmul,benign
3602,653496342,1,load,benign
2269,941096192,44,load,benign
3927,1607574386,41,fadd,benign
2949,994099345,22,insertelement,benign
3676,1257441030,0,load,benign
593,716764445,46,shufflevector,benign
3003,1451163806,28,shufflevector,benign
866,117080479,39,shufflevector,benign
487,1365981822,46,extractelement,benign
3309,881989833,37,load,benign
562,569458608,47,extractelement,benign
734,248542446,2,load,benign
5038,120203215,0,select,benign
3473,1012334945,0,icmp,benign
3324,451493373,111,insertelement,benign
4994,463036839,0,icmp,SDC
3218,1727613093,63,fsub,benign
399,1442893552,62,fsub,benign
3269,1648238230,18,fsub,benign
1392,1024963292,17,load,benign
3679,1766193156,8,load,benign
970,43387607,34,sext,SDC
3491,1218194610,51,add,SDC
3373,860952221,20,insertelement,benign
786,286993744,22,load,benign
3813,864912952,29,fadd,benign
427,1918684345,9,load,benign
2167,606008850,4,shufflevector,benign
3456,1465656682,50,phi,SDC
4066,1642266291,10,load,benign
2488,606246817,45,fadd,benign
943,53650851,18,phi,SDC
541,1953252901,34,shufflevector,benign
960,813186289,0,icmp,SDC
3734,1852207078,39,fsub,benign
2338,1277247468,0,icmp,SDC
3561,1155990009,42,fsub,benign
3081,860559329,26,fadd,benign
1006,1098320950,0,load,SDC
976,116978082,43,load,benign
1422,1231684213,10,fmul,benign
1367,796672262,30,load,benign
3809,1170188048,27,fmul,benign
2177,1926542978,7,shufflevector,benign
4097,914351859,0,fcmp,SDC
2081,1592742225,59,load,SDC
683,1394251524,50,fadd,SDC
3110,839979374,1,load,benign
804,848606883,40,load,benign
628,633625676,7,fmul,benign
1115,117931187,35,fmul,benign
4568,618586777,0,fcmp,benign
2220,1671985904,5,load,benign
2989,635292128,107,fneg,benign
1232,1922717194,9,load,benign
1148,1781369155,4,fneg,benign
439,978420921,1,insertelement,benign
726,343286192,35,load,SDC
1485,1926327309,63,fmul,SDC
2957,677326804,26,shufflevector,benign
3475,1551576468,43,phi,SDC
629,809194896,45,fadd,benign
677,1387281143,49,fadd,SDC
865,679476791,109,insertelement,benign
4752,1690627105,12,load,SDC
4007,204970673,49,fmul,benign
1274,457572136,14,load,benign
585,1395881457,81,insertelement,benign
2165,62028680,93,shufflevector,benign
3757,1358285872,24,fadd,benign
4057,484224166,0,fcmp,benign
741,1908179621,32,load,benign
1142,1585038014,17,fadd,benign
3456,1561813446,25,phi,SDC
3022,1479489483,35,fmul,SDC
3915,1386040182,7,fadd,benign
3584,1420841456,27,load,SDC
432,2035191562,42,load,benign
4880,1407306677,11,load,benign
423,1490782228,17,load,benign
2199,447399475,28,shufflevector,benign
1000,725816407,15,load,SDC
736,619168800,28,load,SDC
4078,1375825941,57,sext,SDC
1594,1460946029,52,load,SDC
3524,1176638744,19,load,SDC
5168,991976729,26,phi,benign
3237,1621229161,63,load,benign
494,1463188075,101,insertelement,benign
541,2058136377,13,shufflevector,benign
490,1029731155,3,extractelement,benign
1124,1342447563,8,fadd,benign
635,205469418,9,fsub,benign
3736,1965679969,11,fadd,benign
1121,1567613503,28,fadd,benign
967,692890395,17,load,SDC
3477,405852882,18,load,SDC
3852,416738126,18,fadd,benign
3498,874746850,98,load,benign
1624,1029063766,5,load,benign
3218,130100898,53,fsub,benign
613,939713498,45,fadd,benign
2968,1169196285,4,insertelement,benign
2436,772202230,45,load,benign
1090,2036081277,41,load,benign
2512,277503484,40,load,benign
3086,1218577477,13,fmul,benign
988,580103827,0,icmp,SDC
3079,327907328,56,fsub,benign
2261,139503175,33,load,SDC
3721,1855659471,58,fadd,benign
1368,531842606,41,fmul,benign
2178,1206964748,101,insertelement,benign
1669,1954147776,58,fmul,benign
3531,1672773881,49,add,SDC
3734,476938155,56,fsub,benign
3351,1520304377,99,insertelement,benign
640,971517704,28,fmul,benign
1246,1370150697,21,load,benign
3480,1882399601,47,load,benign
1030,365398846,47,sext,SDC
982,1928633279,36,load,SDC
668,1199025474,37,fadd,SDC
970,2025008529,22,sext,SDC
1118,753687575,27,fadd,benign
2236,72728831,48,insertelement,benign
1716,708362330,57,fmul,SDC
3494,271688005,59,phi,SDC
2705,1216872179,6,load,benign
5139,1818250146,10,load,benign
1610,937534907,6,load,benign
613,1632924229,11,fadd,benign
679,1936129738,0,load,benign
1279,1429157507,11,load,benign
3491,1882529624,38,add,SDC
494,1270840112,125,insertelement,benign
1494,1578623970,56,load,SDC
4073,1173756986,48,phi,benign
424,1551574201,31,load,benign
2118,1513287994,20,insertelement,benign
662,1949462839,26,fadd,benign
645,530690058,4,fneg,benign
4012,1693953145,0,fcmp,benign
435,649140845,125,insertelement,benign
2142,1840804467,76,insertelement,benign
3557,1517606750,34,fdiv,benign
1110,323207388,42,fadd,benign
795,15061195,34,load,benign
3519,1357774996,41,load,benign
2527,1283698410,21,load,benign
593,221575756,91,shufflevector,benign
3921,558189090,41,fadd,benign
3118,1427420381,0,fcmp,benign
1830,1703120707,37,load,benign
795,1911985633,34,load,benign
4131,653657834,60,fneg,benign
945,1418032533,9,load,SDC
673,1198781541,23,load,benign
3456,1669487293,5,phi,SDC
1635,1151220310,48,load,SDC
1106,2043002205,2,load,benign
493,550652533,62,insertelement,SDC
2973,2006360827,103,insertelement,benign
620,1097321264,30,fmul,SDC
3932,808694245,9,fmul,benign
3840,275354216,15,fneg,benign
1790,1161796931,57,fmul,SDC
1324,919314122,33,load,SDC
3775,31628976,46,fadd,benign
3689,1920997084,39,load,benign
1111,1719657230,60,fadd,SDC
1164,732837431,15,load,benign
1148,390250986,41,fneg,benign
5147,427946193,0,fcmp,benign
3655,558223453,41,load,benign
658,460268648,31,load,benign
594,1340421988,122,fsub,benign
960,1870155975,0,icmp,SDC
3098,1472292647,41,load,benign
1133,838213068,26,fneg,benign
3112,1454754869,26,load,benign
1142,330008366,1,fadd,benign
1546,26675090,51,fmul,benign
2969,1116908845,87,fsub,benign
787,1594725253,40,load,benign
1620,2016226848,27,load,benign
569,539658787,3,extractelement,benign
3997,1755959446,3,sext,benign
3527,1521053008,5,load,benign
757,1828896415,36,load,SDC
676,907656645,8,load,benign
5011,537231180,0,fcmp,benign
1020,672722680,36,sext,SDC
970,1125373980,35,sext,SDC
1309,436126315,2,load,benign
985,205452793,28,fadd,benign
726,1839621365,2,load,benign
5035,1295937331,0,select,benign
2208,521307359,50,insertelement,benign
3079,1382174973,8,fsub,benign
3563,3147884,22,load,benign
967,651058246,31,load,SDC
631,1125536403,34,fsub,benign
648,269584805,6,fmul,benign
3077,55404067,3,fsub,benign
476,34488001,20,fadd,benign
3079,1982337109,24,fsub,benign
1472,1675529973,55,load,SDC
3746,2003601911,52,fadd,benign
444,326157472,5,fsub,benign
1112,1154041928,55,fadd,SDC
3191,1402855054,47,load,benign
1135,838389618,50,fmul,SDC
1134,1052750516,52,fadd,SDC
3723,137663260,32,fadd,benign
3873,723973362,40,fadd,benign
2273,1126639076,62,fmul,SDC
400,430706341,11,fsub,benign
4871,1208842332,61,add,SDC
3437,646221423,31,fdiv,benign
656,869080090,4,fadd,benign
2781,1827151622,51,load,SDC
1546,1871276364,28,fmul,benign
875,696384273,71,fmul,benign
2325,2050651089,73,fmul,benign
2391,1315021462,11,load,benign
1114,1373939373,57,fneg,SDC
4601,1289110057,10,fneg,benign
3075,1699800258,2,fsub,benign
569,180598659,40,extractelement,benign
509,1520821886,77,insertelement,benign
2151,246074692,28,shufflevector,benign
4871,1215817353,38,add,SDC
3567,1482998841,18,fsub,benign
2295,1768181245,38,fmul,benign
661,608355807,20,load,benign
2782,733590367,8,fdiv,benign
4548,1518122311,49,phi,SDC
1819,320069145,22,load,benign
3876,247184828,13,fmul,benign
4302,801966542,0,icmp,benign
2552,1081224990,61,load,SDC
1237,1987926257,58,load,SDC
4897,1170558892,15,add,SDC
5070,251216901,95,fadd,benign
1576,1678652274,34,load,benign
943,71434723,6,phi,SDC
2249,1046024035,16,insertelement,benign
1348,694150039,55,load,benign
2969,434027904,27,fsub,benign
3492,320577495,0,icmp,benign
2257,457692411,112,insertelement,SDC
528,34767780,34,fneg,benign
1365,1398703902,52,load,SDC
4015,826368432,57,select,benign
3919,1044125257,7,fadd,benign
401,758766302,2,fadd,benign
3074,1395903156,61,fsub,benign
627,1283073446,60,fsub,benign
2966,451956907,71,fsub,benign
4463,251100258,126,select,SDC
374,1446191423,14,load,benign
629,798741517,32,fadd,benign
985,686269243,6,fadd,benign
2032,598889935,49,load,SDC
1507,1024970962,58,fmul,benign
3477,1610643549,28,load,SDC
635,1473752518,44,fsub,SDC
948,1191882266,18,load,benign
1020,1384335807,33,sext,SDC
1614,1471207214,13,fmul,benign
4156,109508877,121,insertelement,benign
1126,567040943,6,fneg,benign
1422,895233706,10,fmul,benign
3472,1364409995,37,add,SDC
3161,1329806333,37,fdiv,benign
557,1258439488,54,insertelement,benign
3153,2054679714,12,call,benign
594,418167313,97,fsub,benign
3461,1067876459,54,load,SDC
769,446420109,10,load,benign
3764,1089740109,8,fadd,benign
676,1504529619,37,load,SDC
4292,794919846,0,extractelement,benign
1758,1217404939,2,load,benign
2626,1802120817,0,fcmp,SDC
1000,1331954983,7,load,SDC
2109,909337698,20,load,benign
1786,1266306317,13,load,benign
970,1822278365,50,sext,SDC
2448,1850893074,49,fadd,benign
2982,1004860483,34,fsub,SDC
988,827345249,0,icmp,SDC
662,209281649,55,fadd,benign
2900,260362064,32,load,benign
662,1024209184,6,fadd,benign
4732,1393276480,31,add,SDC
5016,2058957197,0,icmp,benign
1115,531751283,20,fmul,benign
4685,2014395184,49,sext,SDC
4515,1776803723,8,fmul,benign
1494,1988578494,46,load,benign
3979,692485720,61,load,benign
4100,632523459,15,select,benign
3640,1797112387,1,load,benign
1500,1179504696,22,load,benign
2028,468412064,7,load,benign
676,580678748,5,load,benign
4496,967236297,32,fdiv,benign
1164,1815834449,30,load,benign
2462,1464397167,32,load,benign
857,1027344371,97,fneg,benign
3492,1903457270,0,icmp,benign
3790,1965909699,31,fmul,benign
3166,1714235325,28,load,benign
3345,1593413228,31,insertelement,benign
1243,591741288,63,load,benign
2145,624167631,16,shufflevector,benign
1164,1553933246,39,load,SDC
1239,817204826,12,load,benign
622,1956072863,29,fsub,benign
1262,351332070,54,load,benign
565,2027280930,117,fadd,benign
1822,1056547435,13,load,benign
521,1817111497,109,fadd,benign
3730,1759154572,18,fadd,benign
661,1704806685,28,load,benign
1135,114421771,61,fmul,benign
3237,529358416,39,load,benign
2507,1602677017,21,load,benign
3083,331079532,41,fmul,benign
3747,1295544721,16,fadd,benign
816,1567126737,0,icmp,SDC
784,707148595,16,load,benign
5031,946056783,44,sext,SDC
3150,543433033,63,call,benign
1255,2060296875,35,load,benign
2747,374974930,26,add,SDC
3510,1776002060,119,load,benign
3520,846914781,5,load,benign
698,1115225181,1,load,benign
1395,1095348819,60,load,SDC
572,1075164555,17,fneg,benign
549,1501080385,36,fneg,benign
1125,167494289,51,fadd,benign
2358,817628702,21,load,SDC
625,1808388977,61,fadd,SDC
1037,1359929100,35,load,benign
2441,496743757,34,fmul,benign
3458,374170855,18,load,SDC
1120,1901834456,34,fadd,benign
3855,1448451449,12,load,benign
1678,1902625537,60,load,SDC
3532,790092664,0,icmp,SDC
815,301274870,58,add,SDC
5146,1250877397,0,fcmp,benign
3221,1624167964,55,load,benign
792,954080976,47,load,benign
2208,817606368,0,insertelement,benign
2987,1130718142,12,fsub,benign
1158,947468122,31,load,benign
1326,1436201512,18,load,benign
3092,1183885265,12,fneg,benign
5034,1299424727,0,fcmp,benign
1124,623375469,51,fadd,benign
2530,1785711252,56,load,SDC
946,844399252,29,sext,SDC
1818,567162172,40,load,benign
2512,479024721,17,load,benign
1159,1702465164,25,fmul,benign
2307,916402338,111,fmul,benign
3473,1406680034,0,icmp,SDC
2179,489566753,36,shufflevector,benign
2553,313120560,19,fadd,benign
875,1625709071,31,fmul,benign
4779,1072444755,95,fadd,SDC
1112,1884783801,27,fadd,benign
4517,127350407,24,load,benign
1527,951179747,23,load,benign
3256,1186712367,7,load,benign
985,71291451,49,fadd,benign
629,1860030853,35,fadd,SDC
404,737485332,61,fsub,benign
795,1942197218,12,load,benign
1580,744073752,39,load,benign
3319,1152148184,46,load,benign
4999,1997008801,0,fcmp,SDC
976,788757141,48,load,benign
2182,1259422997,90,insertelement,benign
408,2023553328,31,fadd,benign
1636,1412685701,30,fmul,benign
755,442601961,45,load,benign
637,654403335,32,fneg,benign
792,636395264,3,load,benign
518,1575833660,51,extractelement,benign
3478,313530193,46,sext,SDC
2130,352198588,102,insertelement,benign
3843,1424349012,48,fneg,SDC
3043,419748802,20,load,benign
1165,464418987,44,fmul,benign
1128,627090067,11,fadd,benign
2618,1798871148,48,load,SDC
1113,40205347,61,fadd,benign
636,449821675,17,fmul,benign
3679,233044663,13,load,benign
1219,1981245868,63,load,SDC
1203,174680908,31,load,benign
1120,1608930473,30,fadd,benign
3768,342517838,55,fadd,benign
525,700179765,40,extractelement,benign
4110,1068866219,5,load,benign
766,1725799281,33,load,benign
641,1883965307,28,fneg,benign
965,4427678,15,phi,SDC
2598,1943220196,52,shl,SDC
1138,782129636,53,fneg,benign
3853,1029948557,46,call,benign
1134,753707376,27,fadd,benign
2976,1015193574,122,insertelement,benign
3089,1606980244,38,fmul,benign
619,1090290963,28,fsub,benign
1216,450415533,34,load,benign
847,109934960,103,fneg,benign
3347,1561946573,94,shufflevector,benign
5127,791463639,0,fcmp,benign
1128,1991526582,25,fadd,benign
3747,321301885,60,fadd,benign
4681,2045370182,2,fdiv,benign
676,1094517820,20,load,benign
1114,1509046521,33,fneg,SDC
781,897687899,63,load,SDC
1135,1932891325,56,fmul,SDC
455,409144734,74,insertelement,benign
3286,1155531606,14,load,benign
658,1708159925,43,load,SDC
673,290514754,54,load,benign
2987,1176425354,49,fsub,SDC
4165,402859538,50,extractelement,benign
757,1598368673,61,load,SDC
5142,1728718272,31,fdiv,benign
627,1732832514,29,fsub,benign
378,1632258209,6,load,benign
1568,1105975014,55,load,SDC
3488,1033247152,56,load,benign
3429,1638004460,0,load,SDC
5076,706869746,3,add,SDC
2212,919700869,62,insertelement,SDC
3456,504733936,58,phi,SDC
4554,615043113,60,load,benign
1128,750298093,0,fadd,benign
4767,1375938894,37,phi,SDC
4999,625493948,0,fcmp,benign
4062,314477063,44,fdiv,benign
1313,1932798151,35,load,benign
970,809569625,63,sext,benign
588,184246927,35,extractelement,benign
2385,1196445382,49,sext,SDC
3847,561619587,45,fmul,SDC
2406,1004008201,19,load,benign
3892,935301798,50,fmul,benign
3939,88071130,11,add,SDC
596,1270989904,51,extractelement,benign
2143,125464271,66,shufflevector,benign
638,1226939180,26,fmul,benign
3436,299581456,41,load,SDC
2871,1405929529,0,fcmp,SDC
650,2066222449,17,fadd,benign
